# A console crossing midnight with a midnight jump of 3.75 s (EEPROM 0x2E = -15),
# 2026-10-04: precise readings (the second boundary found by polling), each
# the clock's time since its midnight and how far its error has moved since
# before midnight.  The console does not answer for the first few seconds.
console_secs,moved
-19.991,0.009
-18.982,0.002
-17.990,-0.001
-16.990,-0.000
-15.991,0.006
-14.990,-0.002
-13.990,-0.000
-12.991,-0.005
-11.991,-0.004
-10.991,0.008
-9.991,-0.007
-8.991,-0.005
-7.991,0.003
-6.991,-0.007
-5.991,-0.005
-4.991,0.007
-3.990,0.008
-2.990,0.010
-1.991,-0.005
-0.991,-0.005
5.010,1.009
6.009,1.253
7.010,1.498
8.010,1.749
9.009,1.995
10.009,2.252
11.010,2.499
12.009,2.745
13.010,2.996
14.009,3.242
15.010,3.508
16.009,3.754
17.009,3.757
18.010,3.760
19.010,3.747
20.010,3.748
21.009,3.753
22.009,3.744
23.009,3.743
24.009,3.744
25.009,3.751
26.009,3.754
27.010,3.745
28.010,3.746
29.010,3.749
30.010,3.757
31.010,3.759
32.018,3.751
33.010,3.748
34.010,3.749
35.009,3.754
36.009,3.754
37.009,3.743
38.010,3.747
39.009,3.752
