# One Envoy's clock for a week with no clock set (2026-09-01..07, Pacific time):
# the "Clock error is" lines WeeWX 5.5 logged at each hourly clock check.
# The driver then read the console in whole seconds, truncated, so each
# value is low by the fraction of a second dropped.
time,logged_error
2026-09-01T00:30:03,1.16
2026-09-01T01:30:03,1.03
2026-09-01T02:30:04,0.90
2026-09-01T03:30:04,0.77
2026-09-01T04:30:09,0.65
2026-09-01T05:30:04,0.50
2026-09-01T06:30:09,0.38
2026-09-01T07:30:04,0.23
2026-09-01T08:30:04,0.10
2026-09-01T09:30:08,-0.01
2026-09-01T10:30:08,-0.14
2026-09-01T11:30:03,-0.28
2026-09-01T12:06:40,0.01
2026-09-01T13:10:03,-0.50
2026-09-01T14:10:08,-0.64
2026-09-01T14:18:45,-0.46
2026-09-01T14:26:00,-0.70
2026-09-01T15:17:29,-1.09
2026-09-01T16:20:08,-0.92
2026-09-01T17:20:04,-1.08
2026-09-01T17:47:19,-1.35
2026-09-01T18:50:04,-1.26
2026-09-01T19:03:12,-1.50
2026-09-01T20:05:04,-1.41
2026-09-01T21:05:04,-1.53
2026-09-01T22:05:04,-1.76
2026-09-01T23:05:04,-1.81
2026-09-02T00:05:08,1.33
2026-09-02T01:05:03,1.16
2026-09-02T02:05:04,0.92
2026-09-02T03:05:04,0.94
2026-09-02T04:05:04,0.78
2026-09-02T05:05:04,0.68
2026-09-02T06:05:04,0.55
2026-09-02T07:05:09,0.42
2026-09-02T08:05:04,0.27
2026-09-02T09:05:04,0.17
2026-09-02T09:05:55,0.43
2026-09-02T10:10:03,-0.01
2026-09-02T11:10:03,-0.11
2026-09-02T12:10:08,-0.34
2026-09-02T13:10:08,-0.38
2026-09-02T13:18:58,-0.85
2026-09-02T13:34:41,-0.69
2026-09-02T14:15:54,-0.72
2026-09-02T14:23:30,-0.09
2026-09-02T15:25:08,-0.69
2026-09-02T16:25:03,-0.84
2026-09-02T17:25:04,-1.01
2026-09-02T18:25:09,-1.06
2026-09-02T19:25:04,-1.19
2026-09-02T20:25:09,-1.40
2026-09-02T21:25:04,-1.45
2026-09-02T22:25:09,-1.66
2026-09-02T23:25:04,-1.71
2026-09-03T00:25:08,1.41
2026-09-03T01:25:08,1.28
2026-09-03T02:25:03,1.15
2026-09-03T03:25:08,1.03
2026-09-03T04:25:09,0.90
2026-09-03T05:25:04,0.76
2026-09-03T06:25:04,0.64
2026-09-03T07:25:04,0.49
2026-09-03T08:25:04,0.23
2026-09-03T09:25:04,0.19
2026-09-03T09:59:27,-0.04
2026-09-03T11:00:02,0.01
2026-09-03T12:00:08,-0.08
2026-09-03T13:00:03,-0.29
2026-09-03T14:00:08,-0.34
2026-09-03T15:00:03,-0.49
2026-09-03T16:00:03,-0.72
2026-09-03T17:00:08,-0.73
2026-09-03T18:00:03,-0.89
2026-09-03T19:00:09,-1.08
2026-09-03T20:00:04,-1.13
2026-09-03T21:00:04,-1.26
2026-09-03T22:00:04,-1.40
2026-09-03T22:33:00,-1.10
2026-09-03T23:01:29,-1.28
2026-09-04T00:05:08,1.59
2026-09-04T01:05:03,1.47
2026-09-04T02:05:03,1.18
2026-09-04T03:05:03,1.14
2026-09-04T04:05:08,1.08
2026-09-04T05:05:09,0.85
2026-09-04T06:05:04,0.81
2026-09-04T07:05:04,0.67
2026-09-04T08:05:04,0.55
2026-09-04T09:05:04,0.38
2026-09-04T10:05:04,0.30
2026-09-04T11:05:04,0.16
2026-09-04T12:05:07,0.03
2026-09-04T13:05:03,-0.10
2026-09-04T14:05:08,-0.23
2026-09-04T15:05:03,-0.36
2026-09-04T16:05:03,-0.50
2026-09-04T17:05:03,-0.64
2026-09-04T18:05:08,-0.72
2026-09-04T19:05:03,-0.88
2026-09-04T20:05:03,-1.00
2026-09-04T21:05:09,-1.13
2026-09-04T22:05:04,-1.31
2026-09-04T22:55:52,-1.41
2026-09-05T00:00:04,-0.75
2026-09-05T01:00:03,1.60
2026-09-05T02:00:03,1.40
2026-09-05T03:00:03,1.33
2026-09-05T04:00:03,1.21
2026-09-05T05:00:04,0.98
2026-09-05T06:00:04,0.95
2026-09-05T07:00:04,0.81
2026-09-05T08:00:04,0.57
2026-09-05T09:00:04,0.55
2026-09-05T10:00:09,0.41
2026-09-05T11:00:04,0.17
2026-09-05T11:21:00,-0.03
2026-09-05T12:25:09,0.09
2026-09-05T13:25:03,-0.03
2026-09-05T14:25:03,-0.24
2026-09-05T15:25:08,-0.30
2026-09-05T16:25:03,-0.43
2026-09-05T17:25:03,-0.63
2026-09-05T18:25:03,-0.69
2026-09-05T19:25:03,-0.85
2026-09-05T20:02:24,-0.98
2026-09-05T21:05:04,-1.05
2026-09-05T22:05:04,-1.15
2026-09-05T23:05:09,-1.37
2026-09-06T00:05:03,1.84
2026-09-06T01:05:03,1.71
2026-09-06T02:05:03,1.55
2026-09-06T03:05:08,1.44
2026-09-06T04:05:08,1.31
2026-09-06T05:05:03,1.18
2026-09-06T06:05:03,1.01
2026-09-06T06:56:16,1.26
2026-09-06T08:00:09,0.80
2026-09-06T09:00:04,0.64
2026-09-06T10:00:09,0.46
2026-09-06T11:00:09,0.41
2026-09-06T12:00:04,0.26
2026-09-06T13:00:09,0.02
2026-09-06T14:00:03,-0.02
2026-09-06T15:00:08,-0.11
2026-09-06T16:00:03,-0.27
2026-09-06T17:00:03,-0.40
2026-09-06T18:00:08,-0.50
2026-09-06T19:00:03,-0.65
2026-09-06T20:00:03,-0.77
2026-09-06T20:42:45,-0.46
2026-09-06T21:45:03,-0.99
2026-09-06T22:45:04,-1.13
2026-09-06T23:45:09,-1.33
2026-09-07T00:45:03,1.86
2026-09-07T01:45:03,1.74
2026-09-07T02:45:03,1.60
2026-09-07T03:45:03,1.46
2026-09-07T04:45:03,1.34
2026-09-07T05:45:03,1.21
2026-09-07T06:45:08,1.08
2026-09-07T07:29:39,1.09
2026-09-07T08:30:09,0.85
2026-09-07T09:30:09,0.72
2026-09-07T10:30:04,0.51
2026-09-07T11:30:04,0.45
2026-09-07T12:30:04,0.31
2026-09-07T13:30:09,0.11
2026-09-07T14:30:07,0.06
2026-09-07T15:30:03,-0.08
2026-09-07T16:30:08,-0.19
2026-09-07T17:30:03,-0.35
2026-09-07T18:30:08,-0.46
2026-09-07T19:30:03,-0.61
2026-09-07T20:30:03,-0.86
2026-09-07T21:30:03,-0.85
2026-09-07T22:30:08,-0.97
2026-09-07T23:30:04,-1.11
